{
	"skin-name": "custom",
	"preview-bg": "#eeeeee",
	"text": "#333333",
	"text-inverse": "#ffffff",
	"text-disabled": "#aaaaaa",
	"has-gradients": false,
	"has-radius": false,
	"has-boxshadow": false,
	"btn-text": "#878787",
	"btn-text-shadow": "#ffffff",
	"btn-bg": "#fdfffe",
	"btn-bg-hlight": "#f0f0f0",
	"btn-border-top": "rgba(179,179,179,0.1)",
	"btn-border-right": "rgba(204,204,204,0.1)",
	"btn-border-bottom": "rgba(222,222,222,0.25)",
	"btn-border-left": "rgba(219,219,219,0.25)",
	"btn-split-border": "#bdbdbd",
	"btn-primary-text": "#ffffff",
	"btn-primary-text-shadow": "#3b3b3b",
	"btn-primary-bg": "#d4d4d4",
	"btn-primary-bg-hlight": "#d6d6d6",
	"menu-bg": "#ffffff",
	"menu-border": "rgba(232,232,232,0.2)",
	"menuitem-text": "#525252",
	"menuitem-bg-selected": "#c4c4c4",
	"menuitem-bg-selected-hlight": "#0077b3",
	"menuitem-separator-top": "#cbcbcb",
	"menuitem-separator-bottom": "#ffffff",
	"menuitem-text-inverse": "#ffffff",
	"menuitem-bg-active": "#c8def4",
	"menuitem-text-active": "#333333",
	"menuitem-preview-border-active": "#aaaaaa",
	"checkbox-border": "#c5c5c5",
	"checkbox-border-focus": "#59a5e1",
	"panel-border": "#d6d6d6",
	"panel-bg": "#fdfdfd",
	"panel-bg-hlight": "#dddddd",
	"textbox-bg": "#ffffff",
	"textbox-border": "#c5c5c5",
	"textbox-border-focus": "#59a5e1",
	"window-bg": "#ffffff",
	"window-border": "#cfcfcf",
	"tab-bg": "#e3e3e3",
	"tab-bg-hover": "#fdfdfd",
	"tab-bg-active": "#fdfdfd",
	"tab-border": "#c5c5c5",
	"colorbtn-backcolor-bg": "#bbbbbb",
	"grid-border": "#d6d6d6",
	"grid-border-active": "#a1a1a1"
}